
CREATE SEQUENCE "MOGR_ID_seq"
 INCREMENT BY 1
 NO MAXVALUE
 NO MINVALUE
 CACHE 1;
 CREATE SEQUENCE "MOGE_ID_seq"
 INCREMENT BY 1
 NO MAXVALUE
 NO MINVALUE
 CACHE 1;
CREATE SEQUENCE "MODU_ID_seq"
 INCREMENT BY 1
 NO MAXVALUE
 NO MINVALUE
 CACHE 1;
 CREATE SEQUENCE "GRMO_ID_seq"
 INCREMENT BY 1
 NO MAXVALUE
 NO MINVALUE
 CACHE 1;
 CREATE SEQUENCE "MOME_ID_seq"
 INCREMENT BY 1
 NO MAXVALUE
 NO MINVALUE
 CACHE 1;
 CREATE SEQUENCE "SYPE_ID_seq"
 INCREMENT BY 1
 NO MAXVALUE
 NO MINVALUE
 CACHE 1;
 CREATE SEQUENCE "SUBS_ID_seq"
 INCREMENT BY 1
 NO MAXVALUE
 NO MINVALUE
 CACHE 1;
 CREATE SEQUENCE "MOGS_ID_seq"
 INCREMENT BY 1
 NO MAXVALUE
 NO MINVALUE
 CACHE 1; 
 CREATE SEQUENCE "USER_ID_seq"
 INCREMENT BY 1
 NO MAXVALUE
 NO MINVALUE
 CACHE 1;
 CREATE SEQUENCE "USSL_ID_seq"
 INCREMENT BY 1
 NO MAXVALUE
 NO MINVALUE
 CACHE 1;
 CREATE SEQUENCE "USPH_ID_seq"
 INCREMENT BY 1
 NO MAXVALUE
 NO MINVALUE
 CACHE 1;
 CREATE SEQUENCE "ROLE_ID_seq"
 INCREMENT BY 1
 NO MAXVALUE
 NO MINVALUE
 CACHE 1;
 CREATE SEQUENCE "USRO_ID_seq"
 INCREMENT BY 1
 NO MAXVALUE
 NO MINVALUE
 CACHE 1;
 CREATE SEQUENCE "SYPR_ID_seq"
 INCREMENT BY 1
 NO MAXVALUE
 NO MINVALUE
 CACHE 1;

CREATE TABLE "AA_MODULE_GROUPS"(
 "MOGR_ID" Integer DEFAULT nextval('"MOGR_ID_seq"'::regclass) NOT NULL,
 "MOGR_NAME" Character varying(120) NOT NULL
);
ALTER TABLE "AA_MODULE_GROUPS" ADD CONSTRAINT "MOGR_PK" PRIMARY KEY ("MOGR_ID");
ALTER SEQUENCE "MOGR_ID_seq" OWNED BY "AA_MODULE_GROUPS"."MOGR_ID";



CREATE TABLE "AA_MODULE_GROUP_EXCLUSIONS"(
 "MOGE_ID" Integer DEFAULT nextval('"MOGE_ID_seq"'::regclass) NOT NULL,
 "MOGR_ID" Integer NOT NULL,
 "MOGR_ID_EXLUDED" Integer NOT NULL
);
ALTER TABLE "AA_MODULE_GROUP_EXCLUSIONS" ADD CONSTRAINT "MOGE_PK" PRIMARY KEY ("MOGE_ID");
ALTER SEQUENCE "MOGE_ID_seq" OWNED BY "AA_MODULE_GROUP_EXCLUSIONS"."MOGE_ID";


CREATE TABLE "AA_MODULES"(
 "MODU_ID" Integer DEFAULT nextval('"MODU_ID_seq"'::regclass) NOT NULL,
 "MODU_NAME" Character varying(120) NOT NULL
);

ALTER TABLE "AA_MODULES" ADD CONSTRAINT "MODU_PK" PRIMARY KEY ("MODU_ID");
ALTER SEQUENCE "MODU_ID_seq" OWNED BY "AA_MODULES"."MODU_ID";



CREATE TABLE "AA_GROUPING_MODULES"(
 "GRMO_ID" Integer DEFAULT nextval('"GRMO_ID_seq"'::regclass) NOT NULL,
 "MOGR_ID" Integer NOT NULL,
 "MODU_ID" Integer NOT NULL
);
ALTER TABLE "AA_GROUPING_MODULES" ADD CONSTRAINT "GRMO_PK" PRIMARY KEY ("GRMO_ID");
ALTER SEQUENCE "GRMO_ID_seq" OWNED BY "AA_GROUPING_MODULES"."GRMO_ID";



CREATE TABLE "AA_MODULES_MENU"(
 "MOME_ID" Integer DEFAULT nextval('"MOME_ID_seq"'::regclass) NOT NULL,
 "MOME_PARENT_ID" Integer,
 "MODU_ID" Integer NOT NULL,
 "MOME_NAME" Character varying(240) NOT NULL,
 "MOME_DISPLAY_ORDER" Integer NOT NULL,
 "MEDE_ACTION" Character varying(240)
);
ALTER TABLE "AA_MODULES_MENU" ADD CONSTRAINT "MOME_PK" PRIMARY KEY ("MOME_ID");
ALTER SEQUENCE "MOME_ID_seq" OWNED BY "AA_MODULES_MENU"."MOME_ID";


-- Table AA_SYSTEM_PERIMISSIONS

CREATE TABLE "AA_SYSTEM_PERIMISSIONS"(
 "SYPE_ID" Bigint NOT NULL,
 "MODU_ID" Integer,
 "SYPE_PERMISSION" Character varying(240) NOT NULL
);
ALTER TABLE "AA_SYSTEM_PERIMISSIONS" ADD CONSTRAINT "SYPE_PK" PRIMARY KEY ("SYPE_ID");
ALTER SEQUENCE "SYPE_ID_seq" OWNED BY "AA_SYSTEM_PERIMISSIONS"."SYPE_ID";



CREATE TABLE "AA_SUBSCRIPTIONS"(
 "SUBS_ID" Integer DEFAULT nextval('"SUBS_ID_seq"'::regclass) NOT NULL,
 "SUBS_NAME" Character varying(120)
);

ALTER TABLE "AA_SUBSCRIPTIONS" ADD CONSTRAINT "SUBS_PK" PRIMARY KEY ("SUBS_ID");
ALTER SEQUENCE "SUBS_ID_seq" OWNED BY "AA_SUBSCRIPTIONS"."SUBS_ID";


CREATE TABLE "AA_MODULE_GROUPS_SUBSCRIPTIONS"(
 "MOGS_ID" Integer DEFAULT nextval('"MOGS_ID_seq"'::regclass) NOT NULL,
 "SUBS_ID" Integer NOT NULL,
 "MOGR_ID" Integer NOT NULL
);
ALTER TABLE "AA_MODULE_GROUPS_SUBSCRIPTIONS" ADD CONSTRAINT "MOGS_PK" PRIMARY KEY ("MOGS_ID");
ALTER SEQUENCE "MOGS_ID_seq" OWNED BY "AA_MODULE_GROUPS_SUBSCRIPTIONS"."MOGS_ID";


CREATE TABLE "AA_USERS"(
 "USER_ID" Integer DEFAULT nextval('"USER_ID_seq"'::regclass) NOT NULL,
 "SUBS_ID" Integer NOT NULL,
 "USER_NAME" Character varying(20) NOT NULL,
 "USER_PASSWORD" Character varying(120) NOT NULL,
 "USER_PASSWORD_SALT" Character varying(120) NOT NULL,
 "USER_FIRSTNAME" Character varying(60) NOT NULL,
 "USER_SURNAME" Character varying(60) NOT NULL,
 "USER_EMAIL" Character varying(120) NOT NULL,
 "USER_ADDRESS" Character varying(120),
 "USER_ADDREAA_NUMBER" Character varying(10),
 "USER_POSTAL_CODE" Character varying(10),
 "USER_CITY" Character varying(60),
 "USER_PREFECTURE" Character varying(60),
 "USER_COUNTRY" Character varying(60),
 "USER_IS_ADMINISTRATOR" Boolean DEFAULT false NOT NULL,
 "USSL_ID" Smallint DEFAULT 0 NOT NULL,
 "USER_COMMENTS" Character varying(250),
 "USER_LAST_LOGIN_DATE" Timestamp DEFAULT now()
);
CREATE UNIQUE INDEX "USER_SUBS_ID_NAME_U" ON "AA_USERS" ("SUBS_ID","USER_NAME");
ALTER TABLE "AA_USERS" ADD CONSTRAINT "USER_PK" PRIMARY KEY ("USER_ID");
ALTER SEQUENCE "USER_ID_seq" OWNED BY "AA_USERS"."USER_ID";


CREATE TABLE "AA_USER_STATUSES_LOOKUP" (
 "USSL_ID" Integer DEFAULT nextval('"USSL_ID_seq"'::regclass) NOT NULL,
 "USSL_STATUS" Character varying(60)
);
ALTER TABLE "AA_USER_STATUSES_LOOKUP" ADD CONSTRAINT "USSL_PK" PRIMARY KEY ("USSL_ID");
ALTER SEQUENCE "USSL_ID_seq" OWNED BY "AA_USER_STATUSES_LOOKUP"."USSL_ID";

INSERT INTO "AA_USER_STATUSES_LOOKUP" ("USSL_STATUS") VALUES 
	('Ενεργός'),
	('Μπλοκαρισμένος'),
	('Διαγραμμένος');
	

CREATE TABLE "AA_USER_PHONES"(
 "USPH_ID" Integer DEFAULT nextval('"USPH_ID_seq"'::regclass) NOT NULL,
 "USER_ID" Integer NOT NULL,
 "USPH_TYPE" Character varying(120) NOT NULL,
 "USPH_NUMBER" Character varying(20) NOT NULL,
 "USPH_IS_PREFERRED" Boolean DEFAULT false
);
ALTER TABLE "AA_USER_PHONES" ADD CONSTRAINT "USPH_PK" PRIMARY KEY ("USPH_ID");	
ALTER SEQUENCE "USPH_ID_seq" OWNED BY "AA_USER_PHONES"."USPH_ID";


CREATE TABLE "AA_ROLES"(
 "ROLE_ID" Integer DEFAULT nextval('"ROLE_ID_seq"'::regclass) NOT NULL,
 "SUBS_ID" Integer NOT NULL,
 "ROLE_NAME" Character varying(120) NOT NULL,
 "USSL_ID" Smallint DEFAULT 0 NOT NULL
);
CREATE UNIQUE INDEX "ROLE_SUBS_ID_DESCRIPTION_U" ON "AA_ROLES" ("SUBS_ID","ROLE_NAME");
ALTER TABLE "AA_ROLES" ADD CONSTRAINT "ROLE_PK" PRIMARY KEY ("ROLE_ID");
ALTER SEQUENCE "ROLE_ID_seq" OWNED BY "AA_ROLES"."ROLE_ID";


CREATE TABLE "AA_USERS_ROLES"(
 "USRO_ID" Integer DEFAULT nextval('"USRO_ID_seq"'::regclass) NOT NULL,
 "USER_ID" Integer NOT NULL,
 "ROLE_ID" Integer NOT NULL
);
CREATE UNIQUE INDEX "USRO_USER_ID_ROLE_ID_U" ON "AA_USERS_ROLES" ("USER_ID","ROLE_ID");
ALTER TABLE "AA_USERS_ROLES" ADD CONSTRAINT "USRO_PK" PRIMARY KEY ("USRO_ID");
ALTER SEQUENCE "USRO_ID_seq" OWNED BY "AA_USERS_ROLES"."USRO_ID";



CREATE TABLE "AA_SYSTEM_PERMISSIONS_ROLES"(
 "SYPR_ID" Integer DEFAULT nextval('"SYPR_ID_seq"'::regclass) NOT NULL,
 "SYPE_ID" INTEGER NOT NULL,
 "ROLE_ID" Integer NOT NULL
);

ALTER TABLE "AA_SYSTEM_PERMISSIONS_ROLES" ADD CONSTRAINT "SYPR_PK" PRIMARY KEY ("SYPR_ID");
ALTER SEQUENCE "SYPR_ID_seq" OWNED BY "AA_SYSTEM_PERMISSIONS_ROLES"."SYPR_ID";



ALTER TABLE "AA_MODULE_GROUPS_SUBSCRIPTIONS" ADD CONSTRAINT "SUBS_MOGS_FK" FOREIGN KEY ("SUBS_ID") REFERENCES "AA_SUBSCRIPTIONS" ("SUBS_ID") ON DELETE NO ACTION ON UPDATE NO ACTION;
ALTER TABLE "AA_MODULE_GROUPS_SUBSCRIPTIONS" ADD CONSTRAINT "MOGR_MOGS_FK" FOREIGN KEY ("MOGR_ID") REFERENCES "AA_MODULE_GROUPS" ("MOGR_ID") ON DELETE NO ACTION ON UPDATE NO ACTION;
ALTER TABLE "AA_MODULE_GROUP_EXCLUSIONS" ADD CONSTRAINT "MOGR_MOGE_FK" FOREIGN KEY ("MOGR_ID") REFERENCES "AA_MODULE_GROUPS" ("MOGR_ID") ON DELETE NO ACTION ON UPDATE NO ACTION;
ALTER TABLE "AA_MODULE_GROUP_EXCLUSIONS" ADD CONSTRAINT "MOGR_MOGE_FK1" FOREIGN KEY ("MOGR_ID_EXLUDED") REFERENCES "AA_MODULE_GROUPS" ("MOGR_ID") ON DELETE NO ACTION ON UPDATE NO ACTION;
ALTER TABLE "AA_GROUPING_MODULES" ADD CONSTRAINT "MODU_GRMO_FK" FOREIGN KEY ("MODU_ID") REFERENCES "AA_MODULES" ("MODU_ID") ON DELETE NO ACTION ON UPDATE NO ACTION;
ALTER TABLE "AA_GROUPING_MODULES" ADD CONSTRAINT "MOGR_GRMO_FK" FOREIGN KEY ("MOGR_ID") REFERENCES "AA_MODULE_GROUPS" ("MOGR_ID") ON DELETE NO ACTION ON UPDATE NO ACTION;
ALTER TABLE "AA_MODULES_MENU" ADD CONSTRAINT "MOME_MOME_FK" FOREIGN KEY ("MOME_PARENT_ID") REFERENCES "AA_MODULES_MENU" ("MOME_ID") ON DELETE NO ACTION ON UPDATE NO ACTION;
ALTER TABLE "AA_MODULES_MENU" ADD CONSTRAINT "MODU_MOME_FK" FOREIGN KEY ("MODU_ID") REFERENCES "AA_MODULES" ("MODU_ID") ON DELETE NO ACTION ON UPDATE NO ACTION;
ALTER TABLE "AA_SYSTEM_PERIMISSIONS" ADD CONSTRAINT "MODU_SYPE_FK" FOREIGN KEY ("MODU_ID") REFERENCES "AA_MODULES" ("MODU_ID") ON DELETE NO ACTION ON UPDATE NO ACTION;
ALTER TABLE "AA_USERS" ADD CONSTRAINT "SUBS_USERS_FK" FOREIGN KEY ("SUBS_ID") REFERENCES "AA_SUBSCRIPTIONS" ("SUBS_ID") ON DELETE NO ACTION ON UPDATE NO ACTION;
ALTER TABLE "AA_USERS" ADD CONSTRAINT "SUBS_USSL_ID_FK" FOREIGN KEY ("USSL_ID") REFERENCES "AA_USER_STATUSES_LOOKUP" ("USSL_ID") ON DELETE NO ACTION ON UPDATE NO ACTION;
ALTER TABLE "AA_USER_PHONES" ADD CONSTRAINT "USER_USPH_FK" FOREIGN KEY ("USER_ID") REFERENCES "AA_USERS" ("USER_ID") ON DELETE NO ACTION ON UPDATE NO ACTION;
ALTER TABLE "AA_ROLES" ADD CONSTRAINT "ROLE_USSL_ID_FK" FOREIGN KEY ("USSL_ID") REFERENCES "AA_USER_STATUSES_LOOKUP" ("USSL_ID") ON DELETE NO ACTION ON UPDATE NO ACTION;
ALTER TABLE "AA_ROLES" ADD CONSTRAINT "SUBS_ROLE_FK" FOREIGN KEY ("SUBS_ID") REFERENCES "AA_SUBSCRIPTIONS" ("SUBS_ID") ON DELETE NO ACTION ON UPDATE NO ACTION;
ALTER TABLE "AA_USERS_ROLES" ADD CONSTRAINT "ROLE_USRO_FK" FOREIGN KEY ("ROLE_ID") REFERENCES "AA_ROLES" ("ROLE_ID") ON DELETE NO ACTION ON UPDATE NO ACTION;
ALTER TABLE "AA_USERS_ROLES" ADD CONSTRAINT "USER_USRO_FK" FOREIGN KEY ("USER_ID") REFERENCES "AA_USERS" ("USER_ID") ON DELETE NO ACTION ON UPDATE NO ACTION;
ALTER TABLE "AA_SYSTEM_PERMISSIONS_ROLES" ADD CONSTRAINT "SYPE_SYPR_FK" FOREIGN KEY ("SYPE_ID") REFERENCES "AA_SYSTEM_PERIMISSIONS" ("SYPE_ID") ON DELETE NO ACTION ON UPDATE NO ACTION;
ALTER TABLE "AA_SYSTEM_PERMISSIONS_ROLES" ADD CONSTRAINT "ROLE_SYPR_FK" FOREIGN KEY ("ROLE_ID") REFERENCES "AA_ROLES" ("ROLE_ID") ON DELETE NO ACTION ON UPDATE NO ACTION;



INSERT INTO "AA_MODULES" VALUES (1, 'Οικονομική Ανάλυση');
INSERT INTO "AA_MODULES" VALUES (2, 'Επιχειρησιακός Σχεδιασμός');
INSERT INTO "AA_MODULES" VALUES (3, 'Ταμειακός Προγραμματισμός');
INSERT INTO "AA_MODULES" VALUES (4, 'Αποτίμηση Επιχείρησης');
INSERT INTO "AA_MODULES" VALUES (5, 'Βιωσιμότητα Επιχείρησης');

INSERT INTO "AA_MODULE_GROUPS" VALUES (1, 'gmFinAnalysis: Οικονομική Ανάλυση');
INSERT INTO "AA_MODULE_GROUPS" VALUES (2, 'gmBusPlanning: Επιχειρησιακός Σχεδιασμός');
INSERT INTO "AA_MODULE_GROUPS" VALUES (3, 'gmCashFlow: Ταμειακός Προγραμματισμός');
INSERT INTO "AA_MODULE_GROUPS" VALUES (4, 'gmBusValuation: Αποτίμηση Επιχείρησης');
INSERT INTO "AA_MODULE_GROUPS" VALUES (5, 'gmBusSustainability: Βιωσιμότητα Επιχείρησης');
INSERT INTO "AA_MODULE_GROUPS" VALUES (6, 'gmknowManagement: Γνώση Διοίκησης');

INSERT INTO "AA_GROUPING_MODULES" VALUES (1, 1, 1);
INSERT INTO "AA_GROUPING_MODULES" VALUES (2, 2, 2);
INSERT INTO "AA_GROUPING_MODULES" VALUES (3, 3, 3);
INSERT INTO "AA_GROUPING_MODULES" VALUES (4, 4, 4);
INSERT INTO "AA_GROUPING_MODULES" VALUES (5, 5, 5);
INSERT INTO "AA_GROUPING_MODULES" VALUES (6, 6, 1);
INSERT INTO "AA_GROUPING_MODULES" VALUES (7, 6, 2);
INSERT INTO "AA_GROUPING_MODULES" VALUES (8, 6, 3);
INSERT INTO "AA_GROUPING_MODULES" VALUES (9, 6, 4);
INSERT INTO "AA_GROUPING_MODULES" VALUES (10, 6, 5);


INSERT INTO "AA_MODULE_GROUP_EXCLUSIONS" VALUES (1, 6, 1);
INSERT INTO "AA_MODULE_GROUP_EXCLUSIONS" VALUES (2, 6, 2);
INSERT INTO "AA_MODULE_GROUP_EXCLUSIONS" VALUES (3, 6, 3);
INSERT INTO "AA_MODULE_GROUP_EXCLUSIONS" VALUES (4, 6, 4);
INSERT INTO "AA_MODULE_GROUP_EXCLUSIONS" VALUES (5, 6, 5);


COMMENT ON TABLE "AA_MODULE_GROUPS" IS 'ΠΙΝΑΚΑΣ ΟΜΑΔΟΠΟΙΗΣΗΣ ΥΠΟΣΥΣΤΗΜΑΤΩΝ';
COMMENT ON COLUMN "AA_MODULE_GROUPS"."MOGR_NAME" IS 'Η ΠΕΡΙΓΡΑΦΗ ΤΗΣ ΟΜΑΔΟΠΟΙΗΣΗΣ ΤΩΝ ΥΠΟΣΥΣΤΗΜΑΤΩΝ';
COMMENT ON TABLE "AA_MODULE_GROUP_EXCLUSIONS" IS 'ΠΙΝΑΚΑΣ ΑΠΟΚΛΕΙΣΜΟΥ ΟΜΑΔΩΝ ΥΠΟΣΥΣΤΗΜΑΤΩΝ. ΠΧ ΑΝ ΤΟ GROUP g1 EXEI TA ΥΠΟΣΥΣΤΗΜΑΤΑ m1, m2 KAI TO g2 EXEI m1,m2,m3  ΤΟΤΕ Ο ΠΙΝΑΚΑΣ ΘΑ ΕΧΕΙ ΤΗ ΓΡΑΜΜΗ     g2, g1 ΔΗΛΑΔΗ ΟΤΙ ΑΝ ΚΑΠΟΙΟΣ ΑΓΟΡΑΣΕΙ ΤΟ g2 ΔΕΝ ΜΠΟΡΕΙ ΝΑ ΑΓΟΡΑΣΕΙ ΚΑΙ ΤΟ g1.';
COMMENT ON COLUMN "AA_MODULE_GROUP_EXCLUSIONS"."MOGR_ID" IS 'Η ομάδα υποσυστημάτων που αποκλειει το MOGR_ID_EXCLUDED';
COMMENT ON TABLE "AA_MODULES" IS 'TABLE THAT HOLDS THE MODULES OF THE GAIA';
COMMENT ON COLUMN "AA_MODULES"."MODU_NAME" IS 'Η ΠΕΡΙΓΡΑΦΗ ΤΟΥ ΥΠΟΣΥΣΤΗΜΑΤΟΣ';
COMMENT ON TABLE "AA_GROUPING_MODULES" IS 'ΠΙΝΑΚΑΣ ΟΜΑΔΟΠΟΙΗΣΗΣ ΥΠΟΣΥΣΤΗΜΑΤΩΝ';
COMMENT ON TABLE "AA_MODULES_MENU" IS 'Αρχείο Menu Detail (Θα περιέχει το menu των εφαρμογών των προιόντων του GAIA ΕΠΙΧΕΙΡΕΙΝ)';
COMMENT ON COLUMN "AA_MODULES_MENU"."MOME_ID" IS 'Id Menu Detail';
COMMENT ON COLUMN "AA_MODULES_MENU"."MOME_PARENT_ID" IS 'Id Menu Detail Προηγούμενου Επιπέδου (Parent)';
COMMENT ON COLUMN "AA_MODULES_MENU"."MOME_NAME" IS 'THE NAME OF THE MENU AS IT APPEARS IN GUI';
COMMENT ON COLUMN "AA_MODULES_MENU"."MOME_DISPLAY_ORDER" IS 'Σειρά Εμφάνισης Επιλογής Menu ανά MOME_PARENT_ID';
COMMENT ON COLUMN "AA_MODULES_MENU"."MEDE_ACTION" IS 'Πρόγραμμα ή εντολή ή σελίδα την οποία θα πρέπει να εκτελεί το menu';
COMMENT ON TABLE "AA_SUBSCRIPTIONS" IS 'ΠΙΝΑΚΑΣ ΣΥΝΔΡΟΜΩΝ';
COMMENT ON COLUMN "AA_SUBSCRIPTIONS"."SUBS_ID" IS 'Id ΣΥΝΔΡΟΜΗΣ';
COMMENT ON COLUMN "AA_SUBSCRIPTIONS"."SUBS_NAME" IS 'ΑΡΙΘΜΟΣ Ή ΟΝΟΜΑ ΣΥΝΔΡΟΜΗΣ';
COMMENT ON TABLE "AA_USERS" IS 'TABLE THAT HOLDS USERS INFORMATION';
COMMENT ON COLUMN "AA_USERS"."USER_ID" IS 'PRIMARY KEY OF THE TABLE';
COMMENT ON COLUMN "AA_USERS"."SUBS_ID" IS 'SUBSCRIPTION ID';
COMMENT ON COLUMN "AA_USERS"."USER_NAME" IS 'USERNAME';
COMMENT ON COLUMN "AA_USERS"."USER_PASSWORD" IS 'PASSWORD MD5 ENCRYPTED';
COMMENT ON COLUMN "AA_USERS"."USER_FIRSTNAME" IS 'FIRST NAME';
COMMENT ON COLUMN "AA_USERS"."USER_SURNAME" IS 'SURNAME';
COMMENT ON COLUMN "AA_USERS"."USER_EMAIL" IS 'EMAIL ADDRESS WE  NEED TO FIND A VALIDATION MECHANISM';
COMMENT ON COLUMN "AA_USERS"."USER_ADDRESS" IS 'ADDRESS';
COMMENT ON COLUMN "AA_USERS"."USER_ADDREAA_NUMBER" IS 'ADDRESS NO';
COMMENT ON COLUMN "AA_USERS"."USER_POSTAL_CODE" IS 'POSTAL CODE';
COMMENT ON COLUMN "AA_USERS"."USER_CITY" IS 'CITY';
COMMENT ON COLUMN "AA_USERS"."USER_PREFECTURE" IS 'PREFECTURE OR STATE';
COMMENT ON COLUMN "AA_USERS"."USER_COUNTRY" IS 'COUNTRY';
COMMENT ON COLUMN "AA_USERS"."USER_IS_ADMINISTRATOR" IS 'IF TRUE THIS IS THE MAIN SUBSCRIPTION PERSON';
COMMENT ON COLUMN "AA_USERS"."USSL_ID" IS '0=ACTIVE, 1=BLOCKED, 2=DELETED';
COMMENT ON COLUMN "AA_USERS"."USER_COMMENTS" IS 'COMMENTS';
COMMENT ON COLUMN "AA_USERS"."USER_LAST_LOGIN_DATE" IS 'LAST LOGIN DATE AND TIME IN GAIA';
COMMENT ON TABLE "AA_USER_PHONES" IS 'TABLE THAT HOLDS USER PHONE NUMBERS';
COMMENT ON COLUMN "AA_USER_PHONES"."USPH_ID" IS 'PRIMARY KEY OF THE TABLE';
COMMENT ON COLUMN "AA_USER_PHONES"."USER_ID" IS 'USER ID THAT OWNS THIS PHONE';
COMMENT ON COLUMN "AA_USER_PHONES"."USPH_TYPE" IS 'DESCRIPTION OF PHONE LIKE CELL, HOME, WORK ETC';
COMMENT ON COLUMN "AA_USER_PHONES"."USPH_NUMBER" IS 'THE PHONE NUMBER';
COMMENT ON COLUMN "AA_USER_PHONES"."USPH_IS_PREFERRED" IS 'IF TRUE THEN THIS IS THE NUMBER WE USE FIRST TO CONTACT THIS PERSON';
COMMENT ON TABLE "AA_ROLES" IS 'Αρχείο Ρόλων Δικαιωμάτων';
COMMENT ON COLUMN "AA_ROLES"."ROLE_ID" IS 'Id Ρόλλου Δικαιωμάτων';
COMMENT ON COLUMN "AA_ROLES"."SUBS_ID" IS 'Id Συνδρομητή';
COMMENT ON COLUMN "AA_ROLES"."ROLE_NAME" IS 'Περιγραφή Ρόλου Δικαιωμάτων';
COMMENT ON COLUMN "AA_ROLES"."USSL_ID" IS '0=ΕΝΕΡΓΟΣ, 1=ΜΠΛΟΚΑΡΙΣΜΕΝΟΣ, 2=DELETED κ.λπ.';
COMMENT ON TABLE "AA_USERS_ROLES" IS 'TABLE THAT JOINS USERS AND ROLES';
COMMENT ON COLUMN "AA_USERS_ROLES"."USRO_ID" IS 'PRIMARY KEY OF THE TABLE';
COMMENT ON COLUMN "AA_USERS_ROLES"."USER_ID" IS 'FOREIGN KEY TO THE USERS TABLE';
COMMENT ON COLUMN "AA_USERS_ROLES"."ROLE_ID" IS 'FOREIGN KEY TO THE ROLES TABLE';