<?xml version="1.0"?>
<!DOCTYPE Configure PUBLIC "-//Mort Bay Consulting//DTD Configure//EN" "http://jetty.mortbay.org/configure.dtd">

<Configure class="org.mortbay.jetty.webapp.WebAppContext">

 
  <New id="security" class="org.mortbay.jetty.plus.naming.Resource">
    <Arg></Arg>
    <Arg>jdbc/security</Arg>
    <Arg>
     <New class="org.apache.commons.dbcp.BasicDataSource">
                 <Set name="driverClassName">org.apache.derby.jdbc.EmbeddedDriver</Set>
                 <Set name="url">jdbc:derby:/derby/securityDB;create=false</Set>
                 <Set name="username">users</Set>
                 <Set name="password">password</Set>
     </New>
    </Arg>
   </New>

</Configure>